,acceptancescore,Qscore,marscore,perceptionscore
acceptancescore,1.0,0.9214219039908487,0.9516886673946605,0.8793404781422967
Qscore,0.9214219039908487,1.0,0.9042850447085544,0.8499507901846869
marscore,0.9516886673946605,0.9042850447085544,1.0,0.9003895981329973
perceptionscore,0.8793404781422967,0.8499507901846869,0.9003895981329973,1.0
