,Qscore,perceptionscore,acceptancescore,marscore
count,320.0,320.0,320.0,320.0
mean,10.328125,31.484375,18.275,12.240625
std,8.742313574225879,26.257461807048095,14.93704657894483,10.010726515901608
min,0.0,0.0,0.0,0.0
25%,0.0,0.0,0.0,0.0
50%,13.0,42.0,23.5,15.0
75%,18.0,54.0,32.0,21.0
max,25.0,151.0,40.0,25.0
