,Measure,Value
0,Direct Effect (c'),0.4185457022549624
1,Indirect Effect (a*b),1.1272250026954547
2,Total Effect (c),1.545770704950417
3,Mediated Effect (Indirect Effect),1.1272250026954547
