,Coefficient,Standard Error,t-value,p-value
const,0.49966563697214494,0.3280349020537851,1.5232087617622438,0.12870341968156226
perceptionscore,0.06286435277619092,0.018006681460095843,3.491168148639883,0.0005491224583044148
marscore,0.6412429517357132,0.047230313400242245,13.576936199886074,2.060000449790169e-33
